timestamp,source,message
1578329451519,login,"  routes - logging out user
GET /rest/api/login/logout?login=uid16%40email.com 200 3.857 ms - 10
[-] Request: GET /rest/api/login/logout?login=uid16%40email.com at Mon Jan 06 2020 17:50:51 GMT+0100, User Agent: Apache-HttpClient/4.5.10 (Java/1.8.0_231)
[undefined] Response Body:
logged out
[-] Response: 200 2.106 ms 
"
1578329451525,login,"  routes - logging in user
POST /rest/api/login 200 1.820 ms - 9
[-] Request: POST /rest/api/login at Mon Jan 06 2020 17:50:51 GMT+0100, User Agent: Apache-HttpClient/4.5.10 (Java/1.8.0_231)
[undefined] Request Body:
{
	""login"": ""uid66@email.com"",
	""password"": ""password""
}
[undefined] Response Body:
logged in
[-] Response: 200 1.535 ms 
"
1578329451528,ACMEAIR,"  routes - checkForValidCookie
"
1578329451529,ACMEAIR,"  routes - checkForValidCookie - good session so allowing next route handler to be called
"
1578329451529,ACMEAIR,"  routes - querying flights
"
1578329451529,ACMEAIR,"  routes - getFlightByAirportsAndDepartureDate NRT YUL Wed Jan 08 2020 00:00:00 GMT+0100 (GMT+01:00)
"
1578329451530,ACMEAIR,"  routes - flightsegment = {""_id"":""AA386"",""originPort"":""NRT"",""destPort"":""YUL"",""miles"":""8199""}
"
1578329451531,flights,"  routes - flightsOutbound = [object Object]
POST /rest/api/flights/queryflights 200 2.655 ms - 502
[-] Request: POST /rest/api/flights/queryflights at Mon Jan 06 2020 17:50:51 GMT+0100, User Agent: Apache-HttpClient/4.5.10 (Java/1.8.0_231)
[undefined] Request Body:
{
	""fromAirport"": ""NRT"",
	""toAirport"": ""YUL"",
	""fromDate"": ""2020-01-08"",
	""returnDate"": ""2020-01-17"",
	""oneWay"": ""true""
}
[undefined] Response Body:
{
	""tripFlights"": [
		{
			""numPages"": 1,
			""flightsOptions"": [
				{
					""firstClassBaseCost"": 500,
					""economyClassBaseCost"": 200,
					""numFirstClassSeats"": 10,
					""numEconomyClassSeats"": 200,
					""airplaneTypeId"": ""B747"",
					""_id"": ""0848f47d-e561-4de3-9e7f-40262c7f2955"",
					""flightSegmentId"": ""AA386"",
					""scheduledDepartureTime"": ""2020-01-07T23:00:00.000Z"",
					""scheduledArrivalTime"": ""2020-01-08T12:39:54.000Z"",
					""flightSegment"": {
						""_id"": ""AA386"",
						""originPort"": ""NRT"",
						""destPort"": ""YUL"",
						""miles"": ""8199""
					}
				}
			],
			""currentPage"": 0,
			""hasMoreOptions"": false,
			""pageSize"": 10
		}
	],
	""tripLegs"": 1
}
[-] Response: 200 2.412 ms 
"
1578329451532,ACMEAIR,"  routes - checkForValidCookie
"
1578329451533,ACMEAIR,"  routes - checkForValidCookie - good session so allowing next route handler to be called
"
1578329451533,ACMEAIR,"  routes - querying flights
"
1578329451533,ACMEAIR,"  routes - getFlightByAirportsAndDepartureDate BOM SVO Thu Jan 09 2020 00:00:00 GMT+0100 (GMT+01:00)
"
1578329451534,ACMEAIR,"  routes - flightsegment = null
"
1578329451534,flights,"  routes - flightsOutbound = null
POST /rest/api/flights/queryflights 200 1.845 ms - 118
[-] Request: POST /rest/api/flights/queryflights at Mon Jan 06 2020 17:50:51 GMT+0100, User Agent: Apache-HttpClient/4.5.10 (Java/1.8.0_231)
[undefined] Request Body:
{
	""fromAirport"": ""BOM"",
	""toAirport"": ""SVO"",
	""fromDate"": ""2020-01-09"",
	""returnDate"": ""2020-01-12"",
	""oneWay"": ""true""
}
[undefined] Response Body:
{
	""tripFlights"": [
		{
			""numPages"": 1,
			""flightsOptions"": [],
			""currentPage"": 0,
			""hasMoreOptions"": false,
			""pageSize"": 10
		}
	],
	""tripLegs"": 1
}
[-] Response: 200 1.610 ms 
"
1578329451536,ACMEAIR,"  routes - checkForValidCookie
"
1578329451537,ACMEAIR,"  routes - checkForValidCookie - good session so allowing next route handler to be called
"
1578329451537,ACMEAIR,"  routes - querying flights
"
1578329451537,ACMEAIR,"  routes - getFlightByAirportsAndDepartureDate DEL JFK Fri Jan 10 2020 00:00:00 GMT+0100 (GMT+01:00)
"
1578329451538,ACMEAIR,"  routes - flightsegment = null
"
1578329451538,flights,"  routes - flightsOutbound = null
POST /rest/api/flights/queryflights 200 2.015 ms - 118
[-] Request: POST /rest/api/flights/queryflights at Mon Jan 06 2020 17:50:51 GMT+0100, User Agent: Apache-HttpClient/4.5.10 (Java/1.8.0_231)
[undefined] Request Body:
{
	""fromAirport"": ""DEL"",
	""toAirport"": ""JFK"",
	""fromDate"": ""2020-01-10"",
	""returnDate"": ""2020-01-16"",
	""oneWay"": ""true""
}
[undefined] Response Body:
{
	""tripFlights"": [
		{
			""numPages"": 1,
			""flightsOptions"": [],
			""currentPage"": 0,
			""hasMoreOptions"": false,
			""pageSize"": 10
		}
	],
	""tripLegs"": 1
}
[-] Response: 200 1.771 ms 
"
1578329451540,ACMEAIR,"  routes - checkForValidCookie
"
1578329451540,ACMEAIR,"  routes - checkForValidCookie - good session so allowing next route handler to be called
"
1578329451540,ACMEAIR,"  routes - querying flights
"
1578329451540,ACMEAIR,"  routes - getFlightByAirportsAndDepartureDate FRA CDG Sat Jan 11 2020 00:00:00 GMT+0100 (GMT+01:00)
"
1578329451541,ACMEAIR,"  routes - flightsegment = {""_id"":""AA91"",""originPort"":""FRA"",""destPort"":""CDG"",""miles"":""289""}
"
1578329451542,flights,"  routes - flightsOutbound = [object Object]
POST /rest/api/flights/queryflights 200 2.458 ms - 499
[-] Request: POST /rest/api/flights/queryflights at Mon Jan 06 2020 17:50:51 GMT+0100, User Agent: Apache-HttpClient/4.5.10 (Java/1.8.0_231)
[undefined] Request Body:
{
	""fromAirport"": ""FRA"",
	""toAirport"": ""CDG"",
	""fromDate"": ""2020-01-11"",
	""returnDate"": ""2020-01-16"",
	""oneWay"": ""true""
}
[undefined] Response Body:
{
	""tripFlights"": [
		{
			""numPages"": 1,
			""flightsOptions"": [
				{
					""firstClassBaseCost"": 500,
					""economyClassBaseCost"": 200,
					""numFirstClassSeats"": 10,
					""numEconomyClassSeats"": 200,
					""airplaneTypeId"": ""B747"",
					""_id"": ""218bdf42-60d6-43c6-93b1-f421ba9a1033"",
					""flightSegmentId"": ""AA91"",
					""scheduledDepartureTime"": ""2020-01-10T23:00:00.000Z"",
					""scheduledArrivalTime"": ""2020-01-10T23:28:54.000Z"",
					""flightSegment"": {
						""_id"": ""AA91"",
						""originPort"": ""FRA"",
						""destPort"": ""CDG"",
						""miles"": ""289""
					}
				}
			],
			""currentPage"": 0,
			""hasMoreOptions"": false,
			""pageSize"": 10
		}
	],
	""tripLegs"": 1
}
[-] Response: 200 2.195 ms 
"
1578329451544,ACMEAIR,"  routes - checkForValidCookie
"
1578329451544,ACMEAIR,"  routes - checkForValidCookie - good session so allowing next route handler to be called
"
1578329451544,ACMEAIR,"  routes - querying flights
"
1578329451544,ACMEAIR,"  routes - getFlightByAirportsAndDepartureDate AMS FCO Fri Jan 10 2020 00:00:00 GMT+0100 (GMT+01:00)
"
1578329451545,ACMEAIR,"  routes - flightsegment = {""_id"":""AA9"",""originPort"":""AMS"",""destPort"":""FCO"",""miles"":""809""}
"
1578329451545,flights,"  routes - flightsOutbound = [object Object]
POST /rest/api/flights/queryflights 200 2.164 ms - 497
[-] Request: POST /rest/api/flights/queryflights at Mon Jan 06 2020 17:50:51 GMT+0100, User Agent: Apache-HttpClient/4.5.10 (Java/1.8.0_231)
[undefined] Request Body:
{
	""fromAirport"": ""AMS"",
	""toAirport"": ""FCO"",
	""fromDate"": ""2020-01-10"",
	""returnDate"": ""2020-01-18"",
	""oneWay"": ""true""
}
[undefined] Response Body:
{
	""tripFlights"": [
		{
			""numPages"": 1,
			""flightsOptions"": [
				{
					""firstClassBaseCost"": 500,
					""economyClassBaseCost"": 200,
					""numFirstClassSeats"": 10,
					""numEconomyClassSeats"": 200,
					""airplaneTypeId"": ""B747"",
					""_id"": ""d8dd83fe-1711-4c22-bc28-9c66ab552712"",
					""flightSegmentId"": ""AA9"",
					""scheduledDepartureTime"": ""2020-01-09T23:00:00.000Z"",
					""scheduledArrivalTime"": ""2020-01-10T00:20:54.000Z"",
					""flightSegment"": {
						""_id"": ""AA9"",
						""originPort"": ""AMS"",
						""destPort"": ""FCO"",
						""miles"": ""809""
					}
				}
			],
			""currentPage"": 0,
			""hasMoreOptions"": false,
			""pageSize"": 10
		}
	],
	""tripLegs"": 1
}
[-] Response: 200 1.926 ms 
"
1578329451547,ACMEAIR,"  routes - checkForValidCookie
"
1578329451548,ACMEAIR,"  routes - checkForValidCookie - good session so allowing next route handler to be called
"
1578329451548,ACMEAIR,"  routes - booking flights
"
1578329451548,bookings,"  routes - toFlight:d8dd83fe-1711-4c22-bc28-9c66ab552712,retFlight:null
POST /rest/api/bookings/bookflights 200 10.054 ms - 130
[-] Request: POST /rest/api/bookings/bookflights at Mon Jan 06 2020 17:50:51 GMT+0100, User Agent: Apache-HttpClient/4.5.10 (Java/1.8.0_231)
[undefined] Request Body:
{
	""userid"": ""uid66@email.com"",
	""toFlightId"": ""d8dd83fe-1711-4c22-bc28-9c66ab552712"",
	""toFlightSegId"": ""AA9"",
	""retFlightId"": ""null"",
	""retFlightSegId"": ""null"",
	""oneWayFlight"": ""null""
}
[undefined] Response Body:
{
	""oneWay"": false,
	""returnBookingId"": ""8f76b82c-9b91-44a9-95b2-a55411a387cf"",
	""departBookingId"": ""c366cc59-37fa-43c0-94ea-b7ab012657f0""
}
[-] Response: 200 9.810 ms 
"
1578329451559,ACMEAIR,"  routes - checkForValidCookie
"
1578329451560,ACMEAIR,"  routes - checkForValidCookie - good session so allowing next route handler to be called
"
1578329451560,bookings,"  routes - listing booked flights by user uid66@email.com
GET /rest/api/bookings/byuser/uid66@email.com 200 1.886 ms - 311
[-] Request: GET /rest/api/bookings/byuser/uid66@email.com at Mon Jan 06 2020 17:50:51 GMT+0100, User Agent: Apache-HttpClient/4.5.10 (Java/1.8.0_231)
[undefined] Response Body:
[
	{
		""_id"": ""c366cc59-37fa-43c0-94ea-b7ab012657f0"",
		""customerId"": ""uid66@email.com"",
		""flightId"": ""d8dd83fe-1711-4c22-bc28-9c66ab552712"",
		""dateOfBooking"": ""2020-01-06T16:50:51.548Z""
	},
	{
		""_id"": ""8f76b82c-9b91-44a9-95b2-a55411a387cf"",
		""customerId"": ""uid66@email.com"",
		""flightId"": ""null"",
		""dateOfBooking"": ""2020-01-06T16:50:51.556Z""
	}
]
[-] Response: 200 1.505 ms 
"
1578329451563,login,"  routes - logging out user
GET /rest/api/login/logout?login=uid66%40email.com 200 1.253 ms - 10
[-] Request: GET /rest/api/login/logout?login=uid66%40email.com at Mon Jan 06 2020 17:50:51 GMT+0100, User Agent: Apache-HttpClient/4.5.10 (Java/1.8.0_231)
[undefined] Response Body:
logged out
[-] Response: 200 0.964 ms 
"
1578329451566,login,"  routes - logging in user
POST /rest/api/login 200 2.097 ms - 9
[-] Request: POST /rest/api/login at Mon Jan 06 2020 17:50:51 GMT+0100, User Agent: Apache-HttpClient/4.5.10 (Java/1.8.0_231)
[undefined] Request Body:
{
	""login"": ""uid42@email.com"",
	""password"": ""password""
}
[undefined] Response Body:
logged in
[-] Response: 200 1.848 ms 
"
1578329451570,ACMEAIR,"  routes - checkForValidCookie
"
1578329451571,ACMEAIR,"  routes - checkForValidCookie - good session so allowing next route handler to be called
"
1578329451571,ACMEAIR,"  routes - querying flights
"
1578329451571,ACMEAIR,"  routes - getFlightByAirportsAndDepartureDate HKG SIN Mon Jan 06 2020 00:00:00 GMT+0100 (GMT+01:00)
"
1578329451572,ACMEAIR,"  routes - flightsegment = {""_id"":""AA120"",""originPort"":""HKG"",""destPort"":""SIN"",""miles"":""1607""}
"
1578329451573,flights,"  routes - flightsOutbound = [object Object]
POST /rest/api/flights/queryflights 200 3.990 ms - 502
[-] Request: POST /rest/api/flights/queryflights at Mon Jan 06 2020 17:50:51 GMT+0100, User Agent: Apache-HttpClient/4.5.10 (Java/1.8.0_231)
[undefined] Request Body:
{
	""fromAirport"": ""HKG"",
	""toAirport"": ""SIN"",
	""fromDate"": ""2020-01-06"",
	""returnDate"": ""2020-01-15"",
	""oneWay"": ""true""
}
[undefined] Response Body:
{
	""tripFlights"": [
		{
			""numPages"": 1,
			""flightsOptions"": [
				{
					""firstClassBaseCost"": 500,
					""economyClassBaseCost"": 200,
					""numFirstClassSeats"": 10,
					""numEconomyClassSeats"": 200,
					""airplaneTypeId"": ""B747"",
					""_id"": ""f7405ccc-eb74-4d3a-aff9-38241c3b8d25"",
					""flightSegmentId"": ""AA120"",
					""scheduledDepartureTime"": ""2020-01-05T23:00:00.000Z"",
					""scheduledArrivalTime"": ""2020-01-06T01:40:42.000Z"",
					""flightSegment"": {
						""_id"": ""AA120"",
						""originPort"": ""HKG"",
						""destPort"": ""SIN"",
						""miles"": ""1607""
					}
				}
			],
			""currentPage"": 0,
			""hasMoreOptions"": false,
			""pageSize"": 10
		}
	],
	""tripLegs"": 1
}
[-] Response: 200 2.504 ms 
"
1578329451575,ACMEAIR,"  routes - checkForValidCookie
"
1578329451576,ACMEAIR,"  routes - checkForValidCookie - good session so allowing next route handler to be called
"
1578329451576,ACMEAIR,"  routes - querying flights
"
1578329451576,ACMEAIR,"  routes - getFlightByAirportsAndDepartureDate LHR SYD Fri Jan 10 2020 00:00:00 GMT+0100 (GMT+01:00)
"
1578329451577,ACMEAIR,"  routes - flightsegment = {""_id"":""AA190"",""originPort"":""LHR"",""destPort"":""SYD"",""miles"":""13477""}
"
1578329451577,flights,"  routes - flightsOutbound = [object Object]
POST /rest/api/flights/queryflights 200 4.350 ms - 503
[-] Request: POST /rest/api/flights/queryflights at Mon Jan 06 2020 17:50:51 GMT+0100, User Agent: Apache-HttpClient/4.5.10 (Java/1.8.0_231)
[undefined] Request Body:
{
	""fromAirport"": ""LHR"",
	""toAirport"": ""SYD"",
	""fromDate"": ""2020-01-10"",
	""returnDate"": ""2020-01-18"",
	""oneWay"": ""true""
}
[undefined] Response Body:
{
	""tripFlights"": [
		{
			""numPages"": 1,
			""flightsOptions"": [
				{
					""firstClassBaseCost"": 500,
					""economyClassBaseCost"": 200,
					""numFirstClassSeats"": 10,
					""numEconomyClassSeats"": 200,
					""airplaneTypeId"": ""B747"",
					""_id"": ""4a985313-5538-4fad-a90d-1ed84af08f0e"",
					""flightSegmentId"": ""AA190"",
					""scheduledDepartureTime"": ""2020-01-09T23:00:00.000Z"",
					""scheduledArrivalTime"": ""2020-01-10T21:27:42.000Z"",
					""flightSegment"": {
						""_id"": ""AA190"",
						""originPort"": ""LHR"",
						""destPort"": ""SYD"",
						""miles"": ""13477""
					}
				}
			],
			""currentPage"": 0,
			""hasMoreOptions"": false,
			""pageSize"": 10
		}
	],
	""tripLegs"": 1
}
[-] Response: 200 2.289 ms 
"
1578329451581,ACMEAIR,"  routes - checkForValidCookie
"
1578329451581,ACMEAIR,"  routes - checkForValidCookie - good session so allowing next route handler to be called
"
1578329451582,ACMEAIR,"  routes - querying flights
"
1578329451582,ACMEAIR,"  routes - getFlightByAirportsAndDepartureDate YUL IKA Mon Jan 06 2020 00:00:00 GMT+0100 (GMT+01:00)
"
1578329451582,ACMEAIR,"  routes - flightsegment = {""_id"":""AA232"",""originPort"":""YUL"",""destPort"":""IKA"",""miles"":""6223""}
"
1578329451583,flights,"  routes - flightsOutbound = [object Object]
POST /rest/api/flights/queryflights 200 4.108 ms - 502
[-] Request: POST /rest/api/flights/queryflights at Mon Jan 06 2020 17:50:51 GMT+0100, User Agent: Apache-HttpClient/4.5.10 (Java/1.8.0_231)
[undefined] Request Body:
{
	""fromAirport"": ""YUL"",
	""toAirport"": ""IKA"",
	""fromDate"": ""2020-01-06"",
	""returnDate"": ""2020-01-17"",
	""oneWay"": ""true""
}
[undefined] Response Body:
{
	""tripFlights"": [
		{
			""numPages"": 1,
			""flightsOptions"": [
				{
					""firstClassBaseCost"": 500,
					""economyClassBaseCost"": 200,
					""numFirstClassSeats"": 10,
					""numEconomyClassSeats"": 200,
					""airplaneTypeId"": ""B747"",
					""_id"": ""6aae00be-4c90-4e13-a545-3eb1ccea50b9"",
					""flightSegmentId"": ""AA232"",
					""scheduledDepartureTime"": ""2020-01-05T23:00:00.000Z"",
					""scheduledArrivalTime"": ""2020-01-06T09:22:18.000Z"",
					""flightSegment"": {
						""_id"": ""AA232"",
						""originPort"": ""YUL"",
						""destPort"": ""IKA"",
						""miles"": ""6223""
					}
				}
			],
			""currentPage"": 0,
			""hasMoreOptions"": false,
			""pageSize"": 10
		}
	],
	""tripLegs"": 1
}
[-] Response: 200 2.734 ms 
"
1578329451586,ACMEAIR,"  routes - checkForValidCookie
"
1578329451586,ACMEAIR,"  routes - checkForValidCookie - good session so allowing next route handler to be called
"
1578329451586,ACMEAIR,"  routes - querying flights
"
1578329451587,ACMEAIR,"  routes - getFlightByAirportsAndDepartureDate SVO NRT Thu Jan 09 2020 00:00:00 GMT+0100 (GMT+01:00)
"
1578329451587,ACMEAIR,"  routes - flightsegment = {""_id"":""AA246"",""originPort"":""SVO"",""destPort"":""NRT"",""miles"":""4667""}
"
1578329451588,flights,"  routes - flightsOutbound = [object Object]
POST /rest/api/flights/queryflights 200 4.085 ms - 502
[-] Request: POST /rest/api/flights/queryflights at Mon Jan 06 2020 17:50:51 GMT+0100, User Agent: Apache-HttpClient/4.5.10 (Java/1.8.0_231)
[undefined] Request Body:
{
	""fromAirport"": ""SVO"",
	""toAirport"": ""NRT"",
	""fromDate"": ""2020-01-09"",
	""returnDate"": ""2020-01-13"",
	""oneWay"": ""true""
}
[undefined] Response Body:
{
	""tripFlights"": [
		{
			""numPages"": 1,
			""flightsOptions"": [
				{
					""firstClassBaseCost"": 500,
					""economyClassBaseCost"": 200,
					""numFirstClassSeats"": 10,
					""numEconomyClassSeats"": 200,
					""airplaneTypeId"": ""B747"",
					""_id"": ""dd4fc3ea-399c-4afb-ac7e-3f493d538620"",
					""flightSegmentId"": ""AA246"",
					""scheduledDepartureTime"": ""2020-01-08T23:00:00.000Z"",
					""scheduledArrivalTime"": ""2020-01-09T06:46:42.000Z"",
					""flightSegment"": {
						""_id"": ""AA246"",
						""originPort"": ""SVO"",
						""destPort"": ""NRT"",
						""miles"": ""4667""
					}
				}
			],
			""currentPage"": 0,
			""hasMoreOptions"": false,
			""pageSize"": 10
		}
	],
	""tripLegs"": 1
}
[-] Response: 200 2.434 ms 
"
1578329451591,ACMEAIR,"  routes - checkForValidCookie
"
1578329451591,ACMEAIR,"  routes - checkForValidCookie - good session so allowing next route handler to be called
"
1578329451591,ACMEAIR,"  routes - querying flights
"
1578329451592,ACMEAIR,"  routes - getFlightByAirportsAndDepartureDate JFK DEL Thu Jan 09 2020 00:00:00 GMT+0100 (GMT+01:00)
"
1578329451592,ACMEAIR,"  routes - flightsegment = {""_id"":""AA262"",""originPort"":""JFK"",""destPort"":""DEL"",""miles"":""9550""}
"
1578329451593,flights,"  routes - flightsOutbound = [object Object]
POST /rest/api/flights/queryflights 200 2.649 ms - 502
[-] Request: POST /rest/api/flights/queryflights at Mon Jan 06 2020 17:50:51 GMT+0100, User Agent: Apache-HttpClient/4.5.10 (Java/1.8.0_231)
[undefined] Request Body:
{
	""fromAirport"": ""JFK"",
	""toAirport"": ""DEL"",
	""fromDate"": ""2020-01-09"",
	""returnDate"": ""2020-01-18"",
	""oneWay"": ""true""
}
[undefined] Response Body:
{
	""tripFlights"": [
		{
			""numPages"": 1,
			""flightsOptions"": [
				{
					""firstClassBaseCost"": 500,
					""economyClassBaseCost"": 200,
					""numFirstClassSeats"": 10,
					""numEconomyClassSeats"": 200,
					""airplaneTypeId"": ""B747"",
					""_id"": ""63792635-e563-4089-a767-d69762bb8bb4"",
					""flightSegmentId"": ""AA262"",
					""scheduledDepartureTime"": ""2020-01-08T23:00:00.000Z"",
					""scheduledArrivalTime"": ""2020-01-09T14:55:00.000Z"",
					""flightSegment"": {
						""_id"": ""AA262"",
						""originPort"": ""JFK"",
						""destPort"": ""DEL"",
						""miles"": ""9550""
					}
				}
			],
			""currentPage"": 0,
			""hasMoreOptions"": false,
			""pageSize"": 10
		}
	],
	""tripLegs"": 1
}
[-] Response: 200 2.238 ms 
"
1578329451595,ACMEAIR,"  routes - checkForValidCookie
"
1578329451596,ACMEAIR,"  routes - checkForValidCookie - good session so allowing next route handler to be called
"
1578329451596,ACMEAIR,"  routes - booking flights
"
1578329451596,bookings,"  routes - toFlight:63792635-e563-4089-a767-d69762bb8bb4,retFlight:null
POST /rest/api/bookings/bookflights 200 2.506 ms - 130
[-] Request: POST /rest/api/bookings/bookflights at Mon Jan 06 2020 17:50:51 GMT+0100, User Agent: Apache-HttpClient/4.5.10 (Java/1.8.0_231)
[undefined] Request Body:
{
	""userid"": ""uid42@email.com"",
	""toFlightId"": ""63792635-e563-4089-a767-d69762bb8bb4"",
	""toFlightSegId"": ""AA262"",
	""retFlightId"": ""null"",
	""retFlightSegId"": ""null"",
	""oneWayFlight"": ""null""
}
[undefined] Response Body:
{
	""oneWay"": false,
	""returnBookingId"": ""09084915-722e-4dbb-883e-a8c16d28381e"",
	""departBookingId"": ""c03b96b0-0f26-4e5e-965e-af43654165c2""
}
[-] Response: 200 2.273 ms 
"
1578329451599,ACMEAIR,"  routes - checkForValidCookie
"
1578329451600,ACMEAIR,"  routes - checkForValidCookie - good session so allowing next route handler to be called
"
1578329451600,bookings,"  routes - listing booked flights by user uid42@email.com
GET /rest/api/bookings/byuser/uid42@email.com 200 1.835 ms - 621
[-] Request: GET /rest/api/bookings/byuser/uid42@email.com at Mon Jan 06 2020 17:50:51 GMT+0100, User Agent: Apache-HttpClient/4.5.10 (Java/1.8.0_231)
[undefined] Response Body:
[
	{
		""_id"": ""17d5ccb1-e1fa-41e3-931b-d4d4a38cc259"",
		""customerId"": ""uid42@email.com"",
		""flightId"": ""8711b886-c402-4f01-b87e-d0edfc884812"",
		""dateOfBooking"": ""2020-01-06T16:50:40.895Z""
	},
	{
		""_id"": ""99963800-3dd9-445a-a1f5-0e2b42e81eb8"",
		""customerId"": ""uid42@email.com"",
		""flightId"": ""null"",
		""dateOfBooking"": ""2020-01-06T16:50:40.897Z""
	},
	{
		""_id"": ""c03b96b0-0f26-4e5e-965e-af43654165c2"",
		""customerId"": ""uid42@email.com"",
		""flightId"": ""63792635-e563-4089-a767-d69762bb8bb4"",
		""dateOfBooking"": ""2020-01-06T16:50:51.596Z""
	},
	{
		""_id"": ""09084915-722e-4dbb-883e-a8c16d28381e"",
		""customerId"": ""uid42@email.com"",
		""flightId"": ""null"",
		""dateOfBooking"": ""2020-01-06T16:50:51.596Z""
	}
]
[-] Response: 200 1.578 ms 
"
1578329451603,login,"  routes - logging out user
GET /rest/api/login/logout?login=uid42%40email.com 200 1.208 ms - 10
[-] Request: GET /rest/api/login/logout?login=uid42%40email.com at Mon Jan 06 2020 17:50:51 GMT+0100, User Agent: Apache-HttpClient/4.5.10 (Java/1.8.0_231)
[undefined] Response Body:
logged out
[-] Response: 200 0.943 ms 
"
1578329451606,login,"  routes - logging in user
POST /rest/api/login 200 1.703 ms - 9
[-] Request: POST /rest/api/login at Mon Jan 06 2020 17:50:51 GMT+0100, User Agent: Apache-HttpClient/4.5.10 (Java/1.8.0_231)
[undefined] Request Body:
{
	""login"": ""uid35@email.com"",
	""password"": ""password""
}
[undefined] Response Body:
logged in
[-] Response: 200 1.460 ms 
"
1578329451609,ACMEAIR,"  routes - checkForValidCookie
"
1578329451610,ACMEAIR,"  routes - checkForValidCookie - good session so allowing next route handler to be called
"
1578329451610,ACMEAIR,"  routes - querying flights
"
1578329451610,ACMEAIR,"  routes - getFlightByAirportsAndDepartureDate CDG FRA Thu Jan 09 2020 00:00:00 GMT+0100 (GMT+01:00)
"
1578329451611,ACMEAIR,"  routes - flightsegment = {""_id"":""AA276"",""originPort"":""CDG"",""destPort"":""FRA"",""miles"":""269""}
"
1578329451612,flights,"  routes - flightsOutbound = [object Object]
POST /rest/api/flights/queryflights 200 2.999 ms - 501
[-] Request: POST /rest/api/flights/queryflights at Mon Jan 06 2020 17:50:51 GMT+0100, User Agent: Apache-HttpClient/4.5.10 (Java/1.8.0_231)
[undefined] Request Body:
{
	""fromAirport"": ""CDG"",
	""toAirport"": ""FRA"",
	""fromDate"": ""2020-01-09"",
	""returnDate"": ""2020-01-14"",
	""oneWay"": ""true""
}
[undefined] Response Body:
{
	""tripFlights"": [
		{
			""numPages"": 1,
			""flightsOptions"": [
				{
					""firstClassBaseCost"": 500,
					""economyClassBaseCost"": 200,
					""numFirstClassSeats"": 10,
					""numEconomyClassSeats"": 200,
					""airplaneTypeId"": ""B747"",
					""_id"": ""f325e5c2-c527-453c-a586-6c4dce2207ba"",
					""flightSegmentId"": ""AA276"",
					""scheduledDepartureTime"": ""2020-01-08T23:00:00.000Z"",
					""scheduledArrivalTime"": ""2020-01-08T23:26:54.000Z"",
					""flightSegment"": {
						""_id"": ""AA276"",
						""originPort"": ""CDG"",
						""destPort"": ""FRA"",
						""miles"": ""269""
					}
				}
			],
			""currentPage"": 0,
			""hasMoreOptions"": false,
			""pageSize"": 10
		}
	],
	""tripLegs"": 1
}
[-] Response: 200 2.703 ms 
"
1578329451614,ACMEAIR,"  routes - checkForValidCookie
"
1578329451615,ACMEAIR,"  routes - checkForValidCookie - good session so allowing next route handler to be called
"
1578329451615,ACMEAIR,"  routes - querying flights
"
1578329451615,ACMEAIR,"  routes - getFlightByAirportsAndDepartureDate FCO HKG Mon Jan 06 2020 00:00:00 GMT+0100 (GMT+01:00)
"
1578329451615,ACMEAIR,"  routes - flightsegment = {""_id"":""AA318"",""originPort"":""FCO"",""destPort"":""HKG"",""miles"":""7694""}
"
1578329451616,flights,"  routes - flightsOutbound = [object Object]
POST /rest/api/flights/queryflights 200 2.918 ms - 502
[-] Request: POST /rest/api/flights/queryflights at Mon Jan 06 2020 17:50:51 GMT+0100, User Agent: Apache-HttpClient/4.5.10 (Java/1.8.0_231)
[undefined] Request Body:
{
	""fromAirport"": ""FCO"",
	""toAirport"": ""HKG"",
	""fromDate"": ""2020-01-06"",
	""returnDate"": ""2020-01-17"",
	""oneWay"": ""true""
}
[undefined] Response Body:
{
	""tripFlights"": [
		{
			""numPages"": 1,
			""flightsOptions"": [
				{
					""firstClassBaseCost"": 500,
					""economyClassBaseCost"": 200,
					""numFirstClassSeats"": 10,
					""numEconomyClassSeats"": 200,
					""airplaneTypeId"": ""B747"",
					""_id"": ""035a6b10-17cc-4b25-b5b7-3d9810ce1f94"",
					""flightSegmentId"": ""AA318"",
					""scheduledDepartureTime"": ""2020-01-05T23:00:00.000Z"",
					""scheduledArrivalTime"": ""2020-01-06T11:49:24.000Z"",
					""flightSegment"": {
						""_id"": ""AA318"",
						""originPort"": ""FCO"",
						""destPort"": ""HKG"",
						""miles"": ""7694""
					}
				}
			],
			""currentPage"": 0,
			""hasMoreOptions"": false,
			""pageSize"": 10
		}
	],
	""tripLegs"": 1
}
[-] Response: 200 2.643 ms 
"
1578329451619,ACMEAIR,"  routes - checkForValidCookie
"
1578329451619,ACMEAIR,"  routes - checkForValidCookie - good session so allowing next route handler to be called
"
1578329451619,ACMEAIR,"  routes - querying flights
"
1578329451620,ACMEAIR,"  routes - getFlightByAirportsAndDepartureDate SIN LHR Mon Jan 06 2020 00:00:00 GMT+0100 (GMT+01:00)
"
1578329451620,ACMEAIR,"  routes - flightsegment = {""_id"":""AA332"",""originPort"":""SIN"",""destPort"":""LHR"",""miles"":""6754""}
"
1578329451621,flights,"  routes - flightsOutbound = [object Object]
POST /rest/api/flights/queryflights 200 2.679 ms - 502
[-] Request: POST /rest/api/flights/queryflights at Mon Jan 06 2020 17:50:51 GMT+0100, User Agent: Apache-HttpClient/4.5.10 (Java/1.8.0_231)
[undefined] Request Body:
{
	""fromAirport"": ""SIN"",
	""toAirport"": ""LHR"",
	""fromDate"": ""2020-01-06"",
	""returnDate"": ""2020-01-15"",
	""oneWay"": ""true""
}
[undefined] Response Body:
{
	""tripFlights"": [
		{
			""numPages"": 1,
			""flightsOptions"": [
				{
					""firstClassBaseCost"": 500,
					""economyClassBaseCost"": 200,
					""numFirstClassSeats"": 10,
					""numEconomyClassSeats"": 200,
					""airplaneTypeId"": ""B747"",
					""_id"": ""6c939bdd-8bf4-4b01-a45c-cbebd91a1b12"",
					""flightSegmentId"": ""AA332"",
					""scheduledDepartureTime"": ""2020-01-05T23:00:00.000Z"",
					""scheduledArrivalTime"": ""2020-01-06T10:15:24.000Z"",
					""flightSegment"": {
						""_id"": ""AA332"",
						""originPort"": ""SIN"",
						""destPort"": ""LHR"",
						""miles"": ""6754""
					}
				}
			],
			""currentPage"": 0,
			""hasMoreOptions"": false,
			""pageSize"": 10
		}
	],
	""tripLegs"": 1
}
[-] Response: 200 2.363 ms 
"
1578329451623,ACMEAIR,"  routes - checkForValidCookie
"
1578329451624,ACMEAIR,"  routes - checkForValidCookie - good session so allowing next route handler to be called
"
1578329451624,ACMEAIR,"  routes - querying flights
"
1578329451624,ACMEAIR,"  routes - getFlightByAirportsAndDepartureDate SYD BOM Wed Jan 08 2020 00:00:00 GMT+0100 (GMT+01:00)
"
1578329451625,ACMEAIR,"  routes - flightsegment = {""_id"":""AA355"",""originPort"":""SYD"",""destPort"":""BOM"",""miles"":""6308""}
"
1578329451626,flights,"  routes - flightsOutbound = [object Object]
POST /rest/api/flights/queryflights 200 2.751 ms - 502
[-] Request: POST /rest/api/flights/queryflights at Mon Jan 06 2020 17:50:51 GMT+0100, User Agent: Apache-HttpClient/4.5.10 (Java/1.8.0_231)
[undefined] Request Body:
{
	""fromAirport"": ""SYD"",
	""toAirport"": ""BOM"",
	""fromDate"": ""2020-01-08"",
	""returnDate"": ""2020-01-14"",
	""oneWay"": ""true""
}
[undefined] Response Body:
{
	""tripFlights"": [
		{
			""numPages"": 1,
			""flightsOptions"": [
				{
					""firstClassBaseCost"": 500,
					""economyClassBaseCost"": 200,
					""numFirstClassSeats"": 10,
					""numEconomyClassSeats"": 200,
					""airplaneTypeId"": ""B747"",
					""_id"": ""2263fb24-61fc-4f9f-884e-c6a528d181bd"",
					""flightSegmentId"": ""AA355"",
					""scheduledDepartureTime"": ""2020-01-07T23:00:00.000Z"",
					""scheduledArrivalTime"": ""2020-01-08T09:30:48.000Z"",
					""flightSegment"": {
						""_id"": ""AA355"",
						""originPort"": ""SYD"",
						""destPort"": ""BOM"",
						""miles"": ""6308""
					}
				}
			],
			""currentPage"": 0,
			""hasMoreOptions"": false,
			""pageSize"": 10
		}
	],
	""tripLegs"": 1
}
[-] Response: 200 2.469 ms 
"
1578329451628,ACMEAIR,"  routes - checkForValidCookie
"
1578329451628,ACMEAIR,"  routes - checkForValidCookie - good session so allowing next route handler to be called
"
1578329451628,ACMEAIR,"  routes - querying flights
"
1578329451629,ACMEAIR,"  routes - getFlightByAirportsAndDepartureDate IKA YUL Thu Jan 09 2020 00:00:00 GMT+0100 (GMT+01:00)
"
1578329451629,ACMEAIR,"  routes - flightsegment = {""_id"":""AA373"",""originPort"":""IKA"",""destPort"":""YUL"",""miles"":""7465""}
"
1578329451630,flights,"  routes - flightsOutbound = [object Object]
POST /rest/api/flights/queryflights 200 3.192 ms - 502
[-] Request: POST /rest/api/flights/queryflights at Mon Jan 06 2020 17:50:51 GMT+0100, User Agent: Apache-HttpClient/4.5.10 (Java/1.8.0_231)
[undefined] Request Body:
{
	""fromAirport"": ""IKA"",
	""toAirport"": ""YUL"",
	""fromDate"": ""2020-01-09"",
	""returnDate"": ""2020-01-18"",
	""oneWay"": ""true""
}
[undefined] Response Body:
{
	""tripFlights"": [
		{
			""numPages"": 1,
			""flightsOptions"": [
				{
					""firstClassBaseCost"": 500,
					""economyClassBaseCost"": 200,
					""numFirstClassSeats"": 10,
					""numEconomyClassSeats"": 200,
					""airplaneTypeId"": ""B747"",
					""_id"": ""b6e91b25-91fb-4798-b46f-18880ab1f649"",
					""flightSegmentId"": ""AA373"",
					""scheduledDepartureTime"": ""2020-01-08T23:00:00.000Z"",
					""scheduledArrivalTime"": ""2020-01-09T11:26:30.000Z"",
					""flightSegment"": {
						""_id"": ""AA373"",
						""originPort"": ""IKA"",
						""destPort"": ""YUL"",
						""miles"": ""7465""
					}
				}
			],
			""currentPage"": 0,
			""hasMoreOptions"": false,
			""pageSize"": 10
		}
	],
	""tripLegs"": 1
}
[-] Response: 200 2.891 ms 
"
1578329451632,ACMEAIR,"  routes - checkForValidCookie
"
1578329451633,ACMEAIR,"  routes - checkForValidCookie - good session so allowing next route handler to be called
"
1578329451633,ACMEAIR,"  routes - booking flights
"
1578329451633,bookings,"  routes - toFlight:b6e91b25-91fb-4798-b46f-18880ab1f649,retFlight:null
POST /rest/api/bookings/bookflights 200 2.805 ms - 130
[-] Request: POST /rest/api/bookings/bookflights at Mon Jan 06 2020 17:50:51 GMT+0100, User Agent: Apache-HttpClient/4.5.10 (Java/1.8.0_231)
[undefined] Request Body:
{
	""userid"": ""uid35@email.com"",
	""toFlightId"": ""b6e91b25-91fb-4798-b46f-18880ab1f649"",
	""toFlightSegId"": ""AA373"",
	""retFlightId"": ""null"",
	""retFlightSegId"": ""null"",
	""oneWayFlight"": ""null""
}
[undefined] Response Body:
{
	""oneWay"": false,
	""returnBookingId"": ""88560bc7-610d-457a-8083-1804f87bcc66"",
	""departBookingId"": ""1c6361b3-31ec-468a-9466-aa96ae4a39a4""
}
[-] Response: 200 2.541 ms 
"
1578329451637,ACMEAIR,"  routes - checkForValidCookie
"
1578329451638,ACMEAIR,"  routes - checkForValidCookie - good session so allowing next route handler to be called
"
1578329451638,bookings,"  routes - listing booked flights by user uid35@email.com
GET /rest/api/bookings/byuser/uid35@email.com 200 1.901 ms - 931
[-] Request: GET /rest/api/bookings/byuser/uid35@email.com at Mon Jan 06 2020 17:50:51 GMT+0100, User Agent: Apache-HttpClient/4.5.10 (Java/1.8.0_231)
[undefined] Response Body:
[
	{
		""_id"": ""5812c951-87d3-40c7-b45c-1a384e9af02a"",
		""customerId"": ""uid35@email.com"",
		""flightId"": ""bfb62eb7-f068-4a44-821a-cecfe887e0b8"",
		""dateOfBooking"": ""2020-01-06T16:50:41.309Z""
	},
	{
		""_id"": ""aef2cb60-a440-471a-b4ed-60c2a357091c"",
		""customerId"": ""uid35@email.com"",
		""flightId"": ""null"",
		""dateOfBooking"": ""2020-01-06T16:50:41.310Z""
	},
	{
		""_id"": ""12f8f3ec-9052-40d5-b0e2-58dd48515b2f"",
		""customerId"": ""uid35@email.com"",
		""flightId"": ""715ac477-bb85-45cc-a5ee-e8d8fbddeffc"",
		""dateOfBooking"": ""2020-01-06T16:50:49.460Z""
	},
	{
		""_id"": ""fd4cfb81-0b41-4526-9307-bdfd82ec553f"",
		""customerId"": ""uid35@email.com"",
		""flightId"": ""null"",
		""dateOfBooking"": ""2020-01-06T16:50:49.460Z""
	},
	{
		""_id"": ""1c6361b3-31ec-468a-9466-aa96ae4a39a4"",
		""customerId"": ""uid35@email.com"",
		""flightId"": ""b6e91b25-91fb-4798-b46f-18880ab1f649"",
		""dateOfBooking"": ""2020-01-06T16:50:51.633Z""
	},
	{
		""_id"": ""88560bc7-610d-457a-8083-1804f87bcc66"",
		""customerId"": ""uid35@email.com"",
		""flightId"": ""null""
...
[-] Response: 200 1.603 ms 
"
